"item-title","r-itemid","pickup","quality","textbox","textbox 2","textbox 3","textbox 4","textbox 6","textbox 7","textbox 8","r-unlock"
"Diplopia","ItemID: 347","""Double item vision""","Quality: 3","A one-time use item which when used, will duplicate any pedestal items or consumables in the current room","If used in a shop, the duplicated items can be taken for free","If used on a trinket, another random trinket will spawn instead of a duplicate","If used in the Boss Rush, all the duplicates can be taken for free as well as one of the original items","Type: Active","Recharge Time: Instant (One time use)","Item Pool: Shop",""
"Placebo","ItemID: 348","""Pill mimic""","Quality: 2","When used, copies the effect of the pill you are currently holding without consuming it","The charge time of this item depends on the quality of the pill you're holding","Does not copy effects of Cards or Runes","","Type: Active","Recharge Time: Varies","Item Pool: Shop, Greed Mode Shop",""
"Wooden Nickel","ItemID: 349","""Flip a coin""","Quality: 1","When used, has a 50% chance to drop one random type of coin (penny, nickel or dime)","Keeper starts with this item after beating Isaac with Keeper","","","Type: Active","Recharge Time: 1 room","Item Pool: Shop, Greed Mode Item Room","Unlock this item by donating 33 coins to the Greed Donation Machine"
"Toxic Shock","ItemID: 350","""Mass poison""","Quality: 3","With this item, at the start of every room you will deal double your tear damage to the entire room in a poison effect","Enemies killed now also leave a pool of creep on the ground where they died. This deals 1 damage per tick","High tear damage will cause this item to become very powerful for rooms with a lot of enemies, since they can die instantly and render the room harmless","Enemies which spawn after the first few seconds of each room are not affected by this item, e.g. Flies spawned from a Mulligan dying","Type: Passive","Item Pool: Item Room","",""
"Mega Bean","ItemID: 351","""Giga fart!""","Quality: 1","When used, the Mega Bean will freeze all enemies in the current room for a couple of seconds, deal 5 damage and poison any enemies in close proximity and send a wave of spikes across the room in the direction you are facing","The enemies in close range will take 5 damage then have a poison over time effect which deals your tear damage 4 or 6 times","The spike wave will deal 10 damage to any enemies in contact with it","Can be used to open secret rooms","Type: Active","Recharge Time: 3 rooms","Item Pool: Item Room, Greed Mode Item Room",""
"Glass Cannon","ItemID: 352","""Be gentle...""","Quality: 1","Glass Cannon allows you to fire one huge spectral tear that deals a lot of damage.","When taking damage, the cannon will break and remain broken until recharged (Recharge time: 4 rooms)","When you take damage and the cannon breaks, you take an additional 2 full hearts of damage and gain the Anemic effect for the room.","The damage done by Glass Cannon is calculated as follows: dmg = (dmg * 10) + 10 (i.e. at base damage of 3.5, that's 45 damage)","Type: Active","Recharge Time: 5 seconds","Item Pool: Item Room, Greed Mode Item Room",""
"Bomber Boy","ItemID: 353","""Explosive blast!""","Quality: 2","+5 bombs","Isaac's bombs will now explode in a large cross-shaped pattern (roughly 5 bombs explosions wide)","This also affects troll bombs","","Type: Passive","Item Pool: Item Room, Greed Mode Item Room, Bomb Beggar","",""
"Crack Jacks","ItemID: 354","""Don't swallow the prize!""","Quality: 2","+1 HP Up","Spawns a random trinket on the floor","","","Type: Passive","Item Pool: Boss Room, Gold/Stone Chest","",""
"Mom's Pearls","ItemID: 355","""Range + luck up""","Quality: 2","+0.38 Range Up","+1 Luck Up","+1 Soul Heart","Counts as 1 of 3 mom items needed towards the Mom transformation","Type: Passive","Item Pool: Boss Room, Gold/Stone Chest, Mom's Chest","",""
"Car Battery","ItemID: 356","""Double charge!""","Quality: 3","The Car Battery causes your spacebar item to activate twice on each use","For example, with Yum Heart you would heal 2 full red hearts instead of 1","","","Type: Passive","Item Pool: Shop, Greed Mode Shop","",""
"Box of Friends","ItemID: 357","""Double your friends""","Quality: 1","Upon use, gives you a duplicate of each familiar you have for the current room","It will not 'double' your familiars as the tagline suggests - if you have 2 of one kind, it will only give you an extra one","If the familiar only appears when taking damage (i.e. Dead Bird) then Box of Friends will cause it to spawn but won't create duplicates","This can be used multiple times in the same room to generate more familiars, meaning you can get a level 4 meatboy or bandage girl by using this item 3 times in the same room","Type: Active","Recharge Time: 3 rooms","Item Pool: Shop, Greed Mode Item Room","Unlock this item by beating Greed Mode with Lilith"
"The Wiz","ItemID: 358","""Double wiz shot!""","Quality: 0","Isaac wears a dunce hat and fires 2 tears at once diagonally, similar to the R U A WIZARD pill tear pattern","Gives Isaac spectral tears which allows them to travel through objects in the environment (i.e. rocks)","","","Type: Passive","Item Pool: Item Room, Greed Mode Item Room","",""
"8 Inch Nails","ItemID: 359","""Stick it to 'em!""","Quality: 3","+1.5 Damage Up","Replaces Isaac's tears with nails, which have increased knockback","The increased knockback will also affect Brimstone, which usually has no knockback at all","","Type: Passive, Tear Modifier","Item Pool: Item Room, Greed Mode Item Room","",""
"Incubus","ItemID: 360","""Dark friend""","Quality: 4","Gives you a familiar demon incubus that follows you and shoots tears that scale with your own tears in terms of damage, stats and also effects","It will mimic any tear effects you currently have and also copy your current stats, meaning it will fire with the same damage, fire rate and range","Lilith starts with this item","Incubus' damage is reduced by 25% when playing as characters other than Lilith","Type: Passive, Familiar","Item Pool: Devil Room, Greed Mode Devil Room","","Unlock this item by beating Blue Womb (Hush) with Lilith"
"Fate's Reward","ItemID: 361","""Your fate beside you""","Quality: 2","A familiar blue head that will follow Isaac and fire tears copying his tear damage and effects","This familiar is very similar to Incubus, however it only copies damage and is not affected by tears or range upgrades","","","Type: Passive, Familiar","Item Pool: Item Room","","Unlock this item by beating Blue Womb (Hush) with ??? (Blue baby)"
"Lil Chest","ItemID: 362","""What's in the box?""","Quality: 2","A familiar chest that follows Isaac and has a 25% chance to drop a pickup after clearing a room","Possible drops include hearts, coins, bombs, key, pills, card, runes, batteries, trinket","There's a 10% chance to spawn a trinket","","Type: Passive, Familiar","Item Pool: Item Room, Greed Mode Item Room, Beggar","","Unlock this item by beating Greed Mode with Isaac"
"Sworn Protector","ItemID: 363","""Protective friend""","Quality: 3","An orbital angel which does 7 contact damage per tick and blocks shots","The angel will attract bullets towards it and block them","Sworn Protector will drop an eternal heart if it blocks 10 shots in one room. Can only happen once per room","Visually this is almost identical to the Guardian Angel item, but without a face","Type: Passive, Familiar","Item Pool: Angel Room, Greed Mode Angel Room","Counts as 1 of 3 familiar items needed towards the Conjoined transformation.","Unlock this item by beating Blue Womb (Hush) with The Lost"
"Friend Zone","ItemID: 364","""Friendly fly""","Quality: 1","A white orbiting fly which deals 3 contact damage per tick to enemies","This familiar orbits Isaac at a middle length distance somewhere between Distant Admiration and Forever Alone","Counts as 1 of 3 fly items needed towards the Beelzebub transformation","","Type: Passive, Familiar","Item Pool: Item Room, Greed Mode Item Room, Key Beggar","",""
"Lost Fly","ItemID: 365","""Lost protector""","Quality: 2","A familiar fly that moves in a straight line and attaches itself to the first obstacle or wall it comes into contact with in each room.","If any enemies walk into its path, it will deal 7 contact damage every 7 frames","Nearby enemies will be forced to target and attack it","If the obstacle it is attached to is destroyed then it will continue rolling in the direction it was previously travelling until it meets another wall or obstacle","Type: Passive, Familiar","Item Pool: Item Room, Greed Mode Item Room, Key Beggar","",""
"Scatter Bombs","ItemID: 366","""We put bombs in your bombs!""","Quality: 1","+5 bombs","Causes your bombs to explode into 2-4 tiny bombs","The smaller bombs deal half damage and have a smaller explosion area. They also retain most of your bomb synergizing items","","Type: Passive","Item Pool: Item Room, Greed Mode Item Room, Bomb Beggar","",""
"Sticky Bombs","ItemID: 367","""Egg sack bombs!""","Quality: 2","This item causes your bombs to stick to enemies and when exploding will leave white creep on the ground which slows enemies","When one of your bombs kills an enemy, a bunch of blue spiders are spawned to fight by your side, which deal x2 your current damage","+5 Bombs","Counts as 1 of 3 spider items needed towards the Spider Baby transformation.","Type: Passive, Bomb Modifier","Item Pool: Item Room, Greed Mode Item Room, Bomb Beggar, Bomb Beggar","",""
"Epiphora","ItemID: 368","""Intensifying tears""","Quality: 2","Shooting in one direction increases your fire rate until a cap is reached","The maximum effect is to halve your delay, which takes roughly 10 seconds to achieve","The accuracy of your tears is also reduced as your fire rate increases","As soon as you change firing direction, your fire rate is reset to its normal amount","Type: Passive","Item Pool: Item Room, Greed Mode Item Room","",""
"Continuum","ItemID: 369","""Transcendent tears""","Quality: 2","+3 Range Up","Tears will now travel through walls and appear out of the opposite wall, similar to a portal-type mechanic","Your tears can now also travel over rocks and objects in the environment","","Type: Passive","Item Pool: Item Room, Greed Mode Item Room","",""
"Mr. Dolly","ItemID: 370","""Range + tears up""","Quality: 3","+0.7 Tears Up","+1.5 Range Up","Spawns 3 random types of hearts on the floor","","Type: Passive","Item Pool: Boss Room, Gold/Stone Chest","",""
"Curse of The Tower","ItemID: 371","""You feel cursed...""","Quality: 0","Causes Isaac to spawn 6 troll bombs on the floor every time he gets hit, similar to the Anarchist Cookbook mechanic","Doesn't trigger on damage taken from blood donation machines and devil beggars (but still triggers on other forms of intentional self damage such as IV Bag)","","","Type: Passive","Item Pool: Item Room, Red Chest, Curse Room, Greed Mode Item Room","",""
"Charged Baby","ItemID: 372","""Bbbzzzzzt!""","Quality: 3","A familiar baby that has a random chance to drop a battery pickup or freeze all enemies in the room for a short while","Charged Baby also has a chance to add one charge to your spacebar item","These effects can only occur while in a hostile room with enemies","","Type: Passive, Familiar","Item Pool: Shop, Greed Mode Shop","",""
"Dead Eye","ItemID: 373","""Accuracy brings power!""","Quality: 3","Gives Isaac a +25% damage up for every tear that successfully hits an enemy","The bonus from Dead Eye maxes out at double your damage (+100%)","If a tear misses an enemy, there is a chance for the multiplier to be reset back to 1. It's a 20% chance on first miss, 33% for a second miss and 50% for anything beyond that","Piercing shots work with this item and multiple hits with a single tear will each give a damage bonus","Type: Passive","Item Pool: Item Room, Greed Mode Item Room","",""
"Holy Light!","ItemID: 374","""Holy shot!""","Quality: 3","Isaac has a random chance to fire a Holy tear, which when it hits an enemy, will spawn a light beam on the same enemy, dealing damage","The beams from this item deal damage equal to 400% of your tear damage (4x damage multiplier for the beams only)","The chance to fire a Holy tear is affected by your luck stat, maxing out at a 50% chance","Counts as 1 of 3 angel items needed towards the Seraphim transformation.","Type: Passive","Item Pool: Item Room, Greed Mode Item Room, Angel Room","",""
"Host Hat","ItemID: 375","""Nice hat!""","Quality: 3","A familiar host that sits on Isaac's head and has a 20% chance to block enemy shots","When a shot is blocked, Host Hat will fire 3 bullets back at the enemy","Causes you to become immune to explosions, but doesn't protect against stomps or shockwaves","Blocks damage from projectiles falling from above","Type: Passive","Item Pool: Item Room, Greed Mode Item Room","",""
"Restock","ItemID: 376","""Never ending stores!""","Quality: 2","Causes your shops to instantly restock their items when you buy them","New items generated by Restock are from the shop item pool","The cost increases exponentially every time you purchase an item. For Items it increases by 2 coins * the number of purchases. For everything it increases by 1 coin * the number of purchases","The max price of an item is always 99c with this item","Type: Passive","Item Pool: Shop, Beggar","",""
"Bursting Sack","ItemID: 377","""Spider love""","Quality: 1","Most spider enemies no longer target or deal contact damage to Isaac","This is very similar to a Skatole for spiders instead of flies","Counts as 1 of 3 spider items needed towards the Spider Baby transformation.","","Type: Passive","Item Pool: Item Room, Greed Mode Item Room","",""
"No. 2","ItemID: 378","""Uh oh...""","Quality: 2","Continuously firing or charging tears for 3 seconds causes Isaac to fart and drop a Butt Bomb","Only 1 Butt Bomb can be dropped per charge, so you'll need to stop firing then start again to drop another one","Butt Bombs explode for 50 damage like normal bombs, but also deal 10 damage to all enemies in the room and daze them for a short period of time","Counts as 1 of 3 poop items needed towards the Oh Crap transformation.","Type: Passive","Item Pool: Item Room, Greed Mode Item Room","",""
"Pupula Duplex","ItemID: 379","""Wide shot""","Quality: 2","Transforms Isaac's tears into a wide arc shape which doubles their size and hitbox","Gives Isaac spectral tears which allows them to travel through objects in the environment (i.e. rocks)","","","Type: Passive","Item Pool: Item Room, Greed Mode Item Room","",""
"Pay To Play","ItemID: 380","""Money talks""","Quality: 2","+5 coins","This item turns all doors that require a key into doors which need a coin to enter instead","This affects shops, item rooms, libraries, double locked doors, key blocks, chests and other key doors","Changes the appearance of doors and objects that this item works on to show a coin slot instead of a keyhole","Type: Passive","Item Pool: Shop, Greed Mode Item Room, Greed Mode Shop","",""
"Eden's Blessing","ItemID: 381","""Your future shines brighter""","Quality: 3","+0.7 Tears Up","Gives you a random item at the start of your next run (You need to start a fresh run to receive the item)","Important progression items such as Key Pieces or the Mom's Shovel pieces cannot be given by Eden's Blessing","","Type: Passive","Item Pool: Item Room","","Unlock this item by beating Blue Womb (Hush) with Eden"
"Friendly Ball","ItemID: 382","""Gotta fetch 'em all!""","Quality: 1","When used, can be thrown at enemies to capture them (similar to a Pok√© Ball)","After capturing an enemy, the next use of the Friendly Ball will re-spawn the same enemy as a friendly companion which will attack other enemies","The companion will persist between rooms and floors until it dies by taking enough damage","Walking over the thrown ball after capturing an enemy will immediately recharge it","Type: Active","Recharge Time: 2 rooms","Item Pool: Item Room, Greed Mode Item Room",""
"Tear Detonator","ItemID: 383","""Remote tear detonation""","Quality: 1","When used, will detonate any tears currently on the screen and cause each one to split into 6 more tears which will fire in a circle, similar to Tammy's Head","Luck-based items such as Holy Light are applied to each tear individually","","","Type: Active","Recharge Time: 15 seconds","Item Pool: Shop, Greed Mode Item Room",""
"Lil Gurdy","ItemID: 384","""A gurd of your own!""","Quality: 2","Gives Isaac a familiar Gurdy that will charge around the room dealing contact damage to enemies","The Gurdy is charged by holding down the fire button and letting go. The longer the button is held the faster Gurdy will fling itself across the screen","Deals a fixed amount of damage depending on charge level, at lowest being ~5 and at max being ~20","Lil Gurdy bounces off of enemies and obstacles","Type: Passive, Familiar","Item Pool: Item Room, Greed Mode Item Room","",""
"Bumbo","ItemID: 385","""Bumbo want coin!""","Quality: 1","A beggar head which floats around the room and picks up any nearby coins. Every 6 coins Bumbo will evolve to a new form except for level 4 which takes 12 coins","Level 2: Bumbo gains a body and crawls around the room, sometimes dropping random pickups","Level 3: It now fires tears in the same direction Isaac does","Level 4: Bumbo no longer fires tears but instead will chase enemies slowly and deal contact damage. It will also sometimes randomly drop bombs","Type: Passive, Familiar","Item Pool: Item Room, Beggar","",""
"D12","ItemID: 386","""Rerolls rocks""","Quality: 1","When used, the D12 re-rolls any rocks into another random type of object (e.g. poop, pots, TNT, red poop, stone blocks, spikes, fireplaces etc.)","","","","Type: Active","Recharge Time: 3 rooms","Item Pool: Item Room, Greed Mode Shop","Unlock this item by beating Blue Womb (Hush) with Cain"
"Censer","ItemID: 387","""Peace be with you""","Quality: 3","Gives Isaac a familiar golden Censer which creates a huge aura of light that slows down any enemies inside it","","","","Type: Passive, Familiar","Item Pool: Angel Room, Greed Mode Angel Room","","Unlock this item by beating Greed Mode with Maggy"
"Key Bum","ItemID: 388","""He wants your keys!""","Quality: 0","A familiar beggar similar to Bum Friend that follows Isaac and collects keys, giving random chests in return","Doesn't pick up golden keys","Counts as 1 of 3 bum items needed towards the Super Bum transformation","","Type: Passive, Familiar","Item Pool: Item Room, Secret Room, Key Beggar","","Unlock this item by beating Greed Mode with Lazarus"
"Rune Bag","ItemID: 389","""Rune generator""","Quality: 3","A bag that follows Isaac and drops a random Rune or Soul Stone every 7 or 8 rooms","","","","Type: Passive, Familiar","Item Pool: Item Room, Secret Room","","Unlock this item by beating the Isaac boss with Lilith"
"Seraphim","ItemID: 390","""Sworn friend""","Quality: 3","A familiar angel which follows Isaac and fires Sacred Heart tears which deal 10 damage at -25% shot speed and a reduced fire rate","Counts as 1 of 3 familiar items needed towards the Conjoined transformation.","","","Type: Passive, Familiar","Item Pool: Item Room, Angel Room, Greed Mode Angel Room","",""
"Betrayal","ItemID: 391","""Turn your enemy""","Quality: 1","This item causes enemy projectiles to be able to hit other enemies. When an enemy takes damage from an enemy projectile, it will attempt to target the enemy that fired it","","","","Type: Passive","Item Pool: Item Room, Greed Mode Item Room, Devil Room, Greed Mode Devil Room","","Unlock this item by beating Blue Womb (Hush) with Judas"
"Zodiac","ItemID: 392","""The heavens will change you""","Quality: 1","Zodiac will give you a random zodiac item effect that changes after every floor","Possible item effects include: Taurus, Aries, Cancer, Leo, Virgo, Libra, Scorpio, Sagittarius, Capricorn, Aquarius, Gemini or Pisces","Counts as 1 of 3 astrology items needed in the same run to unlock Planetariums","","Type: Passive","Item Pool: Item Room, Greed Mode Item Room","","Unlock this item by beating Greed Mode with The Lost"
"Serpent's Kiss","ItemID: 393","""The kiss of death""","Quality: 2","Tears now have a random chance to apply a poison effect, dealing damage equal to your tears each tick, for 2 ticks","Isaac now deals poison damage on contact with enemies similar to The Virus item (Damage over time 4 or 6 per tick)","Enemies that were poisoned by contact damage have a 20% chance to drop a black sin heart when killed. Only contact poison has this effect - poison from tears doesn't work","","Type: Passive","Item Pool: Item Room, Greed Mode Item Room","","Unlock this item by beating Satan with Lilith"
"Marked","ItemID: 394","""Directed tears""","Quality: 1","Isaac will now fire tears automatically directed at a red target on the ground which is controlled by the player","This allows for a full 360 degree tear firing radius","Can be overridden by other tear modifiers such as Mom's Knife or Brimstone","Every time you leave the room this effect turns off until you press a shoot button again","Type: Passive","Item Pool: Item Room, Greed Mode Item Room","+3.0 Range Up",""
"Tech X","ItemID: 395","""Laser ring tears""","Quality: 4","Tears are replaced with the ability to charge and fire a laser ring that travels across the room","The size of the ring will depend on how long you charge it","The laser ring does damage scaling based on charge, from 25% at minimum to 100% at max","Rings have infinite range and travel until they hit a wall","Type: Passive, Tear modifier","Item Pool: Item Room, Greed Mode Item Room","",""
"Ventricle Razor","ItemID: 396","""Short cutter""","Quality: 1","Allows you to create one brown tunnel and one blue tunnel in the floor, that can be used to teleport between wherever you placed each one","This item will let you port out of the devil room but not back into it","Very useful in the boss rush and challenge rooms","","Type: Active","Recharge Time: Instant","Item Pool: Shop",""
"Tractor Beam","ItemID: 397","""Controlled tears""","Quality: 3","Isaac's tears now travel directly forwards following a beam of light, but will also move sideways based on your player movement","+0.5 Tears Up","+1.5 Range Up","+0.16 Shot Speed Up","Type: Passive, Tear Modifier","Item Pool: Item Room, Greed Mode Item Room","If you switch the direction in which you are firing tears, the beam of light and all your tears will also be transported to the new direction",""
"God's Flesh","ItemID: 398","""Shrink shot!""","Quality: 1","Tears now have a random chance to apply a shrinking effect, causing enemies to shrink in size for 5 seconds and also run away from Isaac","Shrunk enemies can be crushed and killed by walking over them","Counts as 1 of 3 mushroom items needed towards the Fun Guy transformation","","Type: Passive","Item Pool: Item Room, Greed Mode Item Room","",""
"Maw of The Void","ItemID: 399","""Consume thy enemy!""","Quality: 3","After firing tears for 3 seconds, a red cross appears on Isaac's head that, upon releasing the fire button, creates a black ring which deals a lot of damage to any enemies inside it","The ring deals damage equal to your tear damage rapidly to any enemies in contact with it, for a total of 30 ticks of damage","You have to keep the fire button held down for the full 3 seconds to cause this effect","Counts as 1 of 3 evil items needed towards the Leviathan transformation","Type: Passive","Item Pool: Devil Room, Greed Mode Devil Room","","Unlock this item by beating Blue Womb (Hush) with Azazel"
"Spear of Destiny","ItemID: 400","""Your destiny""","Quality: 2","In addition to tears, Isaac now holds a spear infront of him which deals damage equal to 2 times your tear damage","The spear occasionally inflicts fear on enemies it damages.","The spear cannot be thrown like Mom's Knife but deals damage while it is in contact with an enemy","","Type: Passive","Item Pool: Angel Room, Greed Mode Angel Room","",""
"Explosivo","ItemID: 401","""Sticky bomb shot!""","Quality: 3","Tears now have a random chance to become sticky bombs, which will attach to enemies and explode after a few seconds","The bomb explosion deals your tear damage + 60","Explosivo shots deal regular tear damage upon sticking to an enemy","","Type: Passive","Item Pool: Item Room, Greed Mode Item Room","",""
"Chaos","ItemID: 402","""!!!""","Quality: 3","Causes all item pedestals to be chosen from a random item pool instead of the pre-defined ones which normally exist","When picked up, drops between 1-6 random pickups on the floor","Makes it possible to see items that have been rerolled away, preventing emptying the item pool and Breakfasting","Fixed item drops won't be replaced - e.g. Cube of Meat after defeating a Horseman","Type: Passive","Item Pool: Shop, Secret Room","",""
"Spider Mod","ItemID: 403","""Mod buddy!""","Quality: 1","A familiar grey spider that wanders around and allows you to see your tear damage and the health bars of all enemies","The spider will inflict a random status effect on any enemies it comes into contact with (e.g. slow, shrink, fear)","Spider Mod will also randomly drop battery consumables or blue spiders when a room is completed","For the sake of simplicity for players, all damage values displayed are multiplied by 10 and rounded to the nearest number","Type: Passive","Item Pool: Shop, Greed Mode Shop","",""
"Farting Baby","ItemID: 404","""He farts!""","Quality: 1","A familiar that follows Isaac and blocks tears","If a tear hits Farting Baby, there is a 10% chance for it to fart, with 3 possible effects: Charm, Poison or Knock back","Charm deals 5 damage. Poison deals 5 damage initially and then 3.5","Counts as 1 of 3 familiar items needed towards the Conjoined transformation.","Type: Passive, Familiar","Item Pool: Item Room","","Unlock this item by beating Blue Womb (Hush) with Isaac"
"GB Bug","ItemID: 405","""Game breaking bug, right away!""","Quality: 1","Spawns a familiar that follows Isaac.","Double tapping the fire button launches it forward, causing it to reroll the first monster, trinket, or pickup it hits","GB Bug respawns after a room has been cleared","Cannot reroll bosses - instead just deals 8 contact damage","Type: Passive","Item Pool: Item Room, Secret Room, Greed Mode Shop","","Unlock this item by beating Greed Mode with Eden"
"D8","ItemID: 406","""Reroll stats""","Quality: 2","When used, the D8 rerolls all of your stats","Will only effect your damage, tears, range and speed stats","Each stat is given a multiplier that applies after all other adjustments","","Type: Active","Recharge Time: 4 Rooms","Item Pool: Item Room, Greed Mode Shop","Unlock this item by beating Challenge #28 (Pride Day)"
"Purity","ItemID: 407","""Aura stat boost""","Quality: 3","Purity will boost one of Isaac's stats depending on the colour of the aura around him","When you take damage, the aura will be removed and replaced with another random one when you enter the next room","Colour code is as follows:","Red = +4.0 Damage","Type: Passive","Item Pool: Item Room, Angel Room, Greed Mode Item Room, Greed Mode Angel Room","Yellow = +0.5 Speed Up","Unlock this item by beating Blue Womb (Hush) with Maggy"
"Athame","ItemID: 408","""Call to the void""","Quality: 3","Adds a chance for a black ring to spawn around killed enemies, dealing damage to others that touch it","The ring damage scales with your tear damage","The chance for a ring to spawn scales with your luck stat","","Type: Passive","Item Pool: Devil Room, Curse Room, Greed Mode Devil Room","","Unlock this item by beating Blue Womb (Hush) with Eve"
"Empty Vessel","ItemID: 409","""I reward an empty vessel""","Quality: 2","+2 Black Hearts","When Isaac has no red hearts, this item gives Isaac the ability to fly. Every 40 seconds spent in the same room since last activating, when the timer displays 00, 20 or 40 seconds, a shield triggers, nullifying all types of damage for 10 seconds","As soon as Isaac has half a red heart or more, this item deactivates","","Type: Passive","Item Pool: Devil Room, Demon Beggar","","Unlock this item by beating Blue Womb (Hush) with Lazarus"
"Evil Eye","ItemID: 410","""Eye shot!""","Quality: 2","While firing tears this item gives you a chance to fire an eye across the screen with a very slow shot speed, which will fire tears of its own in the same direction as Isaac","The evil eye shots will be destroyed if they come into contact with enemies or obstacles","","","Type: Passive","Item Pool: Item Room, Greed Mode Item Room","","Unlock this item by beating Greed Mode with Cain"
"Lusty Blood","ItemID: 411","""Their blood brings rage!""","Quality: 3","Each time Isaac kills an enemy, you get a temporary +0.5 damage up which lasts for the current room","Each subsequent kill will stack further damage up to a maximum of +5 Damage Up after 10 kills","This item is the same principle as the Bloody Lust item from the original flash game","","Type: Passive","Item Pool: Item Room, Devil Room, Greed Mode Item Room","","Unlock this item by beating Greed Mode with Samson"
"Cambion Conception","ItemID: 412","""Feed them hate""","Quality: 2","After taking enough damage you will gain a permanent demon familiar","Possible familiars include: Dark Bum, Demon Baby, Leech, Lil' Brimstone, Succubus, Incubus, Lil Abaddon, Twisted Pair","The effect is shown visually in 3 stages with the character's belly getting larger each time until it finally gives birth to a familiar.","The first and second familiars spawn after 15 hits, then 30 hits for the third and fourth","Type: Passive","Item Pool: Devil Room, Greed Mode Devil Room","Lilith starts with this item","Unlock this item by beating ??? with Lilith"
"Immaculate Conception","ItemID: 413","""Feed them love""","Quality: 1","After picking up 15 hearts, Isaac gains a permanent angelic familiar and a soul heart drops","Possible familiars include: Holy Water, Guardian Angel, Sworn Protector, The Relic and Seraphim","It is possible to get multiple followers by continuing to pick up hearts, at intervals of 15 hearts each","After all 5 familiars have spawned, it will just drop a soul heart every 15 hearts collected","Type: Passive","Item Pool: Angel Room, Greed Mode Angel Room","","Unlock this item by beating Boss Rush with Lilith"
"More Options","ItemID: 414","""There are even more options!""","Quality: 3","Two items now spawn in each of your item rooms, however only one can be taken and the other will disappear","Doesn't work for half-sized item rooms","","","Type: Passive","Item Pool: Shop","",""
"Crown of Light","ItemID: 415","""The untainted gain power""","Quality: 4","+2 Soul Hearts","A crown that replaces normal tears with blue diamond tears while you don't have any empty red heart containers or bone hearts","While the effect is active, tears do double damage and have -0.30 Shot Speed","The crown will glow blue while active, if inactive it will appear grey","Type: Passive","Item Pool: Angel Room, Greed Mode Angel Room","",""
"Deep Pockets","ItemID: 416","""More stuff to carry!""","Quality: 2","Increases your money cap to 999","When a room clear would otherwise yield no rewards, it now spawns 1-3 pennies","Previously this item would add an extra card/pill slot, however this was removed with the Repentance rebalance","","Type: Passive","Item Pool: Shop, Greed Mode Item Room, Greed Mode Shop","","Unlock this item by beating The Chest floor with Keeper"
"Succubus","ItemID: 417","""Damage booster""","Quality: 3","A flying familiar that bounces around the room with a damaging aura, dealing rapid damage to any enemies inside it and boosting Isaac's tear damage","While standing in the black aura, Isaac has a temporary 1.5x damage multiplier (this will stack if you have more than one Succubus)","The aura deals 2.5 damage per tick or about 7.5 - 10 damage per second","","Type: Passive, Familiar","Item Pool: Devil Room, Demon Beggar","","Unlock this item by beating The Lamb with Lilith"
"Fruit Cake","ItemID: 418","""Rainbow effects!""","Quality: 3","Gives you a different tear effect with every tear that you fire","Tear effects include: Anti-Gravity, Ball of Bandages (Lvl 4), Bumbo (Lvl 3), Continuum, Cupid's Arrow, Compound Fracture, Euthanasia, Explosivo, Eye of Greed, Fire Mind, Flat Stone, Flat Worm, God's Flesh, Godhead, Head of the Keeper, Holy Light, Hook Worm, Ipecac, Iron Bar, Jacob's Ladder, Knockout Drops, Lachryphagy, Little Horn, Lodestone, Mom's Contacts, Mom's Eyeshadow, Mom's Perfume, Mucormycosis, My Reflection, Mysterious Liquid, Ocular Rift, Ouija Board, Ouroboros Worm, The Parasite, Parasitoid, Polyphemus, Pop!, Proptosis, Pulse Worm, Ring Worm, Rotten Tomato, Rubber Cement, Serpent's Kiss, Sinus Infection, Spider Bite, Strange Attractor, Sulfuric Acid, Technology Zero, Tiny Planet, Trisagion and Wiggle Worm","With Dr. Fetus, this item will also cycle through random Bomb Modifiers (e.g. Butt Bombs, Hot Bombs)","","Type: Passive, Tear Modifier","Item Pool: Item Room","",""
"Teleport 2.0","ItemID: 419","""I-teleport!""","Quality: 3","When used will teleport you to another random room that has not been explored yet","After all the normal rooms have been explored, the hierarchy of rooms chosen is: Super Secret Room, Shop, Item Room, Sacrifice Room, Dice Room, Library, Curse Room, Miniboss, Challenge Room, Bedroom, Arcade, Vault, Secret Room, Devil/Angel Room, I AM ERROR","This ordering means a Devil and I Am Error room can both be forced if all others have been visited","If used in a normal room with enemies it will teleport you out and back into the exact same room","Type: Active","Recharge Time: 4 rooms","Item Pool: Item Room",""
"Black Powder","ItemID: 420","""Spin the black circle!""","Quality: 1","Walking in a circle will spawn a pentagram symbol on the floor, which deals 10 damage per tick to any enemies inside it","The trail of black powder left on the floor will quickly disappear, meaning you are limited on the size of the pentagram symbol you can create","Will deal damage to flying enemies inside the pentagram","","Type: Passive","Item Pool: Devil Room, Demon Beggar","",""
"Kidney Bean","ItemID: 421","""Love toots!""","Quality: 1","When used, applies the charm effect to any enemies in close range and deals 5 damage","Charmed enemies will prioritize attacking other enemies in the room, otherwise they will still attack Isaac","REPENTANCE - Kidney Bean now has a bigger effect radius, no longer deals damage to the enemies it's charming, and charge time has been reduced to 1 (from 2).","","Type: Active","Recharge Time: 1 Rooms","Item Pool: Item Room, Greed Mode Item Room",""
"Glowing Hour Glass","ItemID: 422","""Turn back time""","Quality: 3","When used, this item will rewind time and put you back in the previous room, in the same state you were in at that moment","This means any damage taken or consumables used in the current room will be reset back to the previous state","Can be used to check the contents of an Item Room without affecting Planetarium spawn chances","Glowing Hour Glass has no cooldown, but can only be used 3 times per floor","Type: Active","Recharge Time: None (Max 3 use per floor)","Item Pool: Item Room, Shop, Greed Mode Item Room",""
"Circle of Protection","ItemID: 423","""Protect me from myself""","Quality: 2","Gives Isaac a large white halo around him, that deals a bit of damage to any enemies in contact with the ring","Every time an enemy bullet enters the ring, there is a chance it will reflect a homing tear back at the enemy","","","Type: Passive","Item Pool: Angel Room, Greed Mode Angel Room","",""
"Sack Head","ItemID: 424","""More sacks!""","Quality: 3","Coins have a 10% chance to be replaced with Sack. Bombs, keys, cards, runes and batteries have a 20% chance","Spawns a sack when picked up","Can lead to game-breaking combinations with the D20 due to the amount of consumables and batteries spawned by the item sacks","REPENTANCE - Added to the Secret Room pool","Type: Passive","Item Pool: Shop, Secret Room","",""
"Night Light","ItemID: 425","""Scared of the dark?""","Quality: 1","Gives Isaac a cone of light infront of him that slows any enemies inside it and their tears","The light faces the direction that you are facing, not the direction you are firing","Removes Curse of Darkness for the current floor, if picked up on a floor where the curse is active","","Type: Passive","Item Pool: Shop, Greed Mode Item Room","",""
"Obsessed Fan","ItemID: 426","""Follows my every move...""","Quality: 0","A purple familiar fly that follows your exact movement on a 1 second delay and deals 2 contact damage to enemies","Counts as 1 of 3 fly items needed towards the Beelzebub transformation","","","Type: Passive, Familiar","Item Pool: Item Room, Key Beggar","",""
"Mine Crafter","ItemID: 427","""Booom!""","Quality: 1","When used, places an explosive TNT barrel next to you","The TNT barrel can be pushed and used to explode rocks or damage enemies","If used a second time in the same room while the last TNT barrel is still there, it will remotely explode the first TNT and not spawn another","","Type: Active","Recharge Time: 1 room","Item Pool: Item Room",""
"PJs","ItemID: 428","""You feel cozy""","Quality: 2","+4 Soul Hearts","Fully restores your red health","REPENTANCE - Added to the Gold Chest Pool","","Type: Passive","Item Pool: Boss Room, Gold/Stone Chest","",""
"Head of the Keeper","ItemID: 429","""Penny tears!""","Quality: 2","Isaac's tears become coins and now have a 5% chance to drop pennies on the floor upon successfully hitting an enemy","Has a chance to drop when exploding a dead shopkeeper","","","Type: Passive","Item Pool: Dead shopkeeper","",""
"Papa Fly","ItemID: 430","""Turret follower""","Quality: 1","A familiar blue fly that will follow Isaac's movement pattern but delayed by 1 second","Papa Fly will fire tears at nearby enemies that deal damage equal to Isaac's tear damage","Counts as 1 of 3 fly items needed towards the Beelzebub transformation","","Type: Passive, Familiar","Item Pool: Item Room, Key Beggar","",""
"Multidimensional Baby","ItemID: 431","""ydduB Buddy""","Quality: 2","A familiar baby that will follow your movement pattern on a 2 second delay","Tears that pass through the baby will double up and gain x1.33 speed boost","Counts as 1 of 3 familiar items needed towards the Conjoined transformation.","","Type: Passive, Familiar","Item Pool: Item Room, Greed Mode Item Room, Devil Room, Greed Mode Devil Room","",""
"Glitter Bombs","ItemID: 432","""Prize bombs!""","Quality: 2","+5 bombs","Isaac's normal bombs become pink and causes them to drop random pickups when they explode (e.g. keys, coins, bombs, trinkets)","Bombs have a chance to charm enemies","The chance for pickups to spawn decreases by 1% each time Glitter Bombs provides something (resets at the next floor). This is to prevent a syngery like Dr. Fetus or a Golden Bomb giving you infinite resources","Type: Passive, Bomb Modifier","Item Pool: Item Room, Bomb Beggar","",""
"My Shadow","ItemID: 433","""Me! And my shaaaadow!""","Quality: 2","Isaac's shadow will follow closely behind him and when it comes into contact with enemies, will spawn friendly dark charger mobs","The chargers deal contact damage to enemies, and will be killed if it is hurt too much","Chargers disappear upon entering a new room","","Type: Passive","Item Pool: Devil Room, Greed Mode Devil Room","","Unlock this item by beating Greed Mode with Judas"
"Jar of Flies","ItemID: 434","""Gotta catch 'em all?""","Quality: 2","Every time you kill an enemy a fly will be added to the Jar, allowing you to stack up to 20","Using the Jar of Flies will release all the flies that are currently in the jar as friendly flies that will damage enemies","Counts as 1 of 3 fly items needed towards the Beelzebub transformation","","Type: Active","Recharge Time: Instant","Item Pool: Shop, Greed Mode Item Room, Greed Mode Shop",""
"Lil Loki","ItemID: 435","""4-way buddy!""","Quality: 1","A Loki familiar that follows Isaac and shoots tears 4 tears in a cross pattern, dealing a flat 3.5 damage each","","","","Type: Passive","Item Pool: Item Room","",""
"Milk!","ItemID: 436","""Dont cry over it...""","Quality: 1","Gives Isaac a familiar glass of milk that follows him and spills on the floor upon taking damage","After being spilt, the milk gives you a -2 Tear Delay (Tears up) for the rest of the room","","","Type: Passive, Familiar","Item Pool: Item Room, Greed Mode Item Room","",""
"D7","ItemID: 437","""Reroll rewards!""","Quality: 1","When used, the D7 will restart the current room and bring back all enemies once again, enabling you to farm rewards that spawn at the end after beating the room","Can be used to generate infinite consumable combinations, gaining as many coins/keys/bombs as you need","This item has no effect in Greed Mode, Challenge Rooms and rooms that had no enemies in originally","If used in a Boss Room or Angel/Devil Room, you get teleported to another random room, which is reset instead of the boss/angel/devil room you were in","Type: Active","Recharge Time: 3 rooms","Item Pool: Item Room",""
"Binky","ItemID: 438","""Memories...""","Quality: 3","+1 Soul heart","+0.75 Tears Up","Isaac size down","Makes Isaac very small like a baby, reducing his hitbox size","Type: Passive","Item Pool: Boss Room, Gold/Stone Chest","",""
"Mom's Box","ItemID: 439","""What's inside?""","Quality: 2","When used, Mom's Box will drop a random trinket on the ground","+1 Luck while held","While held, doubles the effect of trinkets which make sense to be doubled (e.g. +4 damage from Curved Horn instead of 2, -4 Tear Delay from Cancer instead of 2)","","Type: Active","Recharge Time: 4 rooms","Item Pool: Shop, Greed Mode Shop, Mom's Chest",""
"Kidney Stone","ItemID: 440","""Matt's kidney stone""","Quality: 2","Randomly while firing tears, Isaac will stop firing and turn red, where he will charge and release a lot of 'tears' in one go. In the burst of tears is a kidney stone which deals a lot of damage","REPENTANCE - Kidney Stone is no longer a speed downgrade","","","Type: Passive","Item Pool: Item Room, Greed Mode Item Room","","Unlock this item by beating Challenge #29 (Onan's Streak)"
"Mega Blast","ItemID: 441","""Laser breath""","Quality: 4","Upon use, fires a huge Mega Satan laser for 15 seconds, dealing your tear damage * 5 per tick to anything in its path and pushing Isaac back by the force","The laser persists for the entire 15 seconds even between rooms and floors","This item appears in the Devil Room but is weighted to be about 5 times rarer than all other devil room items","","Type: Active","Recharge Time: 12 rooms","Item Pool: Devil Room, Greed Mode Devil Room","Unlock this item by beating Mega Satan with every character"